"Product_Num","RM_Num","Quantity"
"SH001","13","2"
"SH001","28","2"
"SH001","31","1"
"SH001","80","4"
"SH001","94","4"
"SH001","144","3"
"SH001","165","1"
"SH002","12","6"
"SH002","27","4"
"SH002","34","3"
"SH002","77","3"
"SH002","96","2"
"SH002","147","1"
"SH002","165","1"
"SH003","14","4"
"SH003","28","2"
"SH003","53","2"
"SH003","75","2"
"SH003","86","1"
"SH003","137","2"
"SH003","165","1"
"SH004","18","8"
"SH004","24","4"
"SH004","42","2"
"SH004","71","4"
"SH004","93","4"
"SH004","156","5"
"SH004","165","1"
"SH005","8","4"
"SH005","27","3"
"SH005","47","2"
"SH005","81","2"
"SH005","99","4"
"SH005","129","3"
"SH005","164","1"
"SH006","4","6"
"SH006","25","5"
"SH006","43","1"
"SH006","66","2"
"SH006","97","5"
"SH006","131","2"
"SH006","164","1"
"SH007","10","6"
"SH007","29","3"
"SH007","48","2"
"SH007","81","2"
"SH007","88","3"
"SH007","145","5"
"SH007","165","1"
"SH008","6","4"
"SH008","22","3"
"SH008","54","2"
"SH008","60","5"
"SH008","87","3"
"SH008","119","4"
"SH008","165","1"
"SH009","8","8"
"SH009","23","3"
"SH009","36","2"
"SH009","57","5"
"SH009","89","5"
"SH009","163","5"
"SH009","165","1"
"SH010","15","4"
"SH010","29","4"
"SH010","39","2"
"SH010","66","6"
"SH010","86","1"
"SH010","133","1"
"SH010","164","1"
"SH011","18","2"
"SH011","28","4"
"SH011","43","1"
"SH011","60","4"
"SH011","90","4"
"SH011","154","6"
"SH011","165","1"
"SH012","13","2"
"SH012","22","1"
"SH012","46","2"
"SH012","68","2"
"SH012","106","1"
"SH012","151","3"
"SH012","165","1"
"SH013","19","6"
"SH013","29","4"
"SH013","33","3"
"SH013","85","4"
"SH013","110","4"
"SH013","153","2"
"SH013","165","1"
"SH014","11","4"
"SH014","27","5"
"SH014","52","3"
"SH014","68","5"
"SH014","109","2"
"SH014","115","6"
"SH014","165","1"
"SH015","12","8"
"SH015","21","2"
"SH015","54","2"
"SH015","69","4"
"SH015","87","2"
"SH015","130","4"
"SH015","164","1"
"SH016","13","2"
"SH016","27","3"
"SH016","53","2"
"SH016","84","3"
"SH016","91","2"
"SH016","132","1"
"SH016","165","1"
"SH017","17","6"
"SH017","27","1"
"SH017","54","3"
"SH017","59","4"
"SH017","93","4"
"SH017","132","6"
"SH017","165","1"
"SH018","3","6"
"SH018","24","3"
"SH018","32","3"
"SH018","81","4"
"SH018","93","5"
"SH018","122","2"
"SH018","164","1"
"SH019","8","2"
"SH019","22","4"
"SH019","54","3"
"SH019","70","3"
"SH019","94","3"
"SH019","131","3"
"SH019","165","1"
"SH020","13","4"
"SH020","27","2"
"SH020","49","2"
"SH020","78","3"
"SH020","100","3"
"SH020","156","3"
"SH020","164","1"
"SH021","16","8"
"SH021","29","4"
"SH021","42","3"
"SH021","57","2"
"SH021","91","3"
"SH021","152","2"
"SH021","164","1"
"SH022","17","6"
"SH022","26","4"
"SH022","32","3"
"SH022","85","4"
"SH022","89","4"
"SH022","122","2"
"SH022","164","1"
"SH023","11","4"
"SH023","27","3"
"SH023","49","3"
"SH023","76","5"
"SH023","98","3"
"SH023","143","3"
"SH023","165","1"
"SH024","4","6"
"SH024","28","2"
"SH024","40","2"
"SH024","66","4"
"SH024","86","4"
"SH024","132","3"
"SH024","165","1"
"SH025","11","6"
"SH025","26","4"
"SH025","43","1"
"SH025","82","2"
"SH025","100","1"
"SH025","119","1"
"SH025","164","1"
"SH026","3","4"
"SH026","29","2"
"SH026","33","2"
"SH026","61","2"
"SH026","99","4"
"SH026","135","3"
"SH026","165","1"
"SH027","8","4"
"SH027","30","2"
"SH027","46","1"
"SH027","84","5"
"SH027","95","4"
"SH027","119","6"
"SH027","165","1"
"SH028","12","2"
"SH028","26","3"
"SH028","45","3"
"SH028","64","5"
"SH028","93","5"
"SH028","148","5"
"SH028","164","1"
"SH029","6","8"
"SH029","23","2"
"SH029","41","3"
"SH029","75","2"
"SH029","111","5"
"SH029","136","5"
"SH029","164","1"
"SH030","7","6"
"SH030","22","2"
"SH030","39","2"
"SH030","71","4"
"SH030","91","3"
"SH030","160","3"
"SH030","164","1"
"SH031","5","6"
"SH031","23","1"
"SH031","43","2"
"SH031","59","3"
"SH031","92","3"
"SH031","115","6"
"SH031","164","1"
"SH032","18","4"
"SH032","29","5"
"SH032","53","3"
"SH032","82","4"
"SH032","96","2"
"SH032","139","2"
"SH032","165","1"
"SH033","12","2"
"SH033","21","5"
"SH033","41","2"
"SH033","84","5"
"SH033","96","3"
"SH033","155","4"
"SH033","164","1"
"SH034","16","6"
"SH034","26","2"
"SH034","54","2"
"SH034","64","6"
"SH034","103","5"
"SH034","154","4"
"SH034","165","1"
"SH035","7","2"
"SH035","22","4"
"SH035","40","2"
"SH035","84","4"
"SH035","112","3"
"SH035","119","5"
"SH035","164","1"
"SH036","9","6"
"SH036","22","3"
"SH036","43","2"
"SH036","72","3"
"SH036","96","1"
"SH036","123","4"
"SH036","164","1"
"SH037","5","2"
"SH037","28","3"
"SH037","53","2"
"SH037","63","4"
"SH037","97","2"
"SH037","149","4"
"SH037","164","1"
"SH038","4","8"
"SH038","22","5"
"SH038","44","3"
"SH038","76","2"
"SH038","111","2"
"SH038","132","5"
"SH038","165","1"
"SH039","9","6"
"SH039","22","4"
"SH039","32","2"
"SH039","76","3"
"SH039","99","2"
"SH039","128","5"
"SH039","164","1"
"SH040","16","4"
"SH040","22","3"
"SH040","37","1"
"SH040","61","5"
"SH040","106","2"
"SH040","117","6"
"SH040","164","1"
"SH041","3","2"
"SH041","21","3"
"SH041","49","2"
"SH041","76","6"
"SH041","100","3"
"SH041","136","5"
"SH041","164","1"
"SH042","3","6"
"SH042","22","3"
"SH042","49","2"
"SH042","78","2"
"SH042","93","5"
"SH042","141","6"
"SH042","165","1"
"SH043","5","6"
"SH043","26","2"
"SH043","36","2"
"SH043","61","5"
"SH043","100","3"
"SH043","149","4"
"SH043","165","1"
"SH044","6","4"
"SH044","21","2"
"SH044","31","1"
"SH044","70","4"
"SH044","102","2"
"SH044","134","5"
"SH044","164","1"
"SH045","4","6"
"SH045","23","1"
"SH045","45","2"
"SH045","76","5"
"SH045","102","3"
"SH045","137","2"
"SH045","165","1"
"SH046","17","8"
"SH046","22","3"
"SH046","32","1"
"SH046","72","3"
"SH046","95","3"
"SH046","156","5"
"SH046","164","1"
"SH047","4","8"
"SH047","24","3"
"SH047","53","2"
"SH047","62","5"
"SH047","112","2"
"SH047","131","5"
"SH047","165","1"
"SH048","3","2"
"SH048","28","1"
"SH048","41","2"
"SH048","84","4"
"SH048","95","2"
"SH048","159","4"
"SH048","165","1"
"SH049","15","2"
"SH049","23","1"
"SH049","44","2"
"SH049","75","4"
"SH049","92","3"
"SH049","119","4"
"SH049","165","1"
"SH050","11","6"
"SH050","28","5"
"SH050","48","2"
"SH050","60","6"
"SH050","99","4"
"SH050","114","3"
"SH050","165","1"
"SH051","12","2"
"SH051","21","2"
"SH051","35","1"
"SH051","68","6"
"SH051","112","3"
"SH051","153","6"
"SH051","165","1"
"SH052","9","4"
"SH052","23","4"
"SH052","55","1"
"SH052","58","3"
"SH052","107","3"
"SH052","133","4"
"SH052","165","1"
"SH053","19","6"
"SH053","23","1"
"SH053","31","2"
"SH053","84","3"
"SH053","101","1"
"SH053","134","4"
"SH053","165","1"
"SH054","15","4"
"SH054","27","2"
"SH054","47","1"
"SH054","83","5"
"SH054","92","2"
"SH054","134","1"
"SH054","164","1"
"SH055","12","8"
"SH055","22","5"
"SH055","50","3"
"SH055","62","2"
"SH055","93","3"
"SH055","126","2"
"SH055","165","1"
"SH056","3","4"
"SH056","24","5"
"SH056","38","2"
"SH056","68","6"
"SH056","100","1"
"SH056","146","5"
"SH056","165","1"
"SH057","20","2"
"SH057","21","5"
"SH057","38","2"
"SH057","58","4"
"SH057","112","4"
"SH057","118","2"
"SH057","164","1"
"SH058","13","8"
"SH058","28","2"
"SH058","42","1"
"SH058","77","5"
"SH058","93","2"
"SH058","150","2"
"SH058","165","1"
"SH059","3","4"
"SH059","26","3"
"SH059","46","3"
"SH059","70","5"
"SH059","112","2"
"SH059","152","3"
"SH059","164","1"
"SH060","1","6"
"SH060","29","4"
"SH060","35","3"
"SH060","63","4"
"SH060","105","2"
"SH060","144","5"
"SH060","165","1"
"SH061","8","2"
"SH061","28","4"
"SH061","51","1"
"SH061","65","3"
"SH061","102","4"
"SH061","130","2"
"SH061","165","1"
"SH062","9","6"
"SH062","24","5"
"SH062","44","2"
"SH062","73","6"
"SH062","99","3"
"SH062","125","3"
"SH062","164","1"
"SH063","9","6"
"SH063","22","3"
"SH063","51","2"
"SH063","71","4"
"SH063","96","5"
"SH063","147","3"
"SH063","165","1"
"SH064","2","4"
"SH064","22","3"
"SH064","33","2"
"SH064","68","3"
"SH064","87","4"
"SH064","160","2"
"SH064","165","1"
"SH065","9","6"
"SH065","22","5"
"SH065","50","2"
"SH065","78","2"
"SH065","98","3"
"SH065","162","1"
"SH065","165","1"
"SH066","4","6"
"SH066","28","2"
"SH066","49","1"
"SH066","66","4"
"SH066","108","3"
"SH066","147","4"
"SH066","165","1"
"SH067","4","2"
"SH067","22","1"
"SH067","34","3"
"SH067","70","4"
"SH067","107","4"
"SH067","139","5"
"SH067","165","1"
"SH068","4","6"
"SH068","26","2"
"SH068","55","3"
"SH068","70","4"
"SH068","90","5"
"SH068","127","2"
"SH068","165","1"
"SH069","13","6"
"SH069","30","4"
"SH069","37","2"
"SH069","71","5"
"SH069","91","2"
"SH069","131","4"
"SH069","165","1"
"SH070","14","6"
"SH070","22","3"
"SH070","45","1"
"SH070","70","3"
"SH070","113","2"
"SH070","160","5"
"SH070","165","1"
"SH071","13","8"
"SH071","25","3"
"SH071","39","2"
"SH071","76","3"
"SH071","95","5"
"SH071","160","1"
"SH071","165","1"
"SH072","4","6"
"SH072","23","4"
"SH072","48","2"
"SH072","71","6"
"SH072","109","2"
"SH072","141","2"
"SH072","165","1"
"SH073","16","4"
"SH073","29","2"
"SH073","37","2"
"SH073","67","3"
"SH073","108","4"
"SH073","150","2"
"SH073","165","1"
"SH074","7","4"
"SH074","27","3"
"SH074","35","2"
"SH074","57","2"
"SH074","95","4"
"SH074","114","6"
"SH074","164","1"
"SH075","20","8"
"SH075","23","4"
"SH075","34","2"
"SH075","61","2"
"SH075","108","5"
"SH075","142","5"
"SH075","164","1"
"SH076","3","4"
"SH076","29","4"
"SH076","39","3"
"SH076","64","6"
"SH076","105","3"
"SH076","148","5"
"SH076","164","1"
"SH077","11","4"
"SH077","27","3"
"SH077","33","2"
"SH077","63","4"
"SH077","99","4"
"SH077","136","5"
"SH077","165","1"
"SH078","18","6"
"SH078","29","1"
"SH078","43","2"
"SH078","72","4"
"SH078","87","2"
"SH078","124","4"
"SH078","164","1"
"SH079","12","2"
"SH079","27","2"
"SH079","53","2"
"SH079","60","3"
"SH079","91","5"
"SH079","148","6"
"SH079","164","1"
"SH080","19","6"
"SH080","30","2"
"SH080","33","2"
"SH080","63","3"
"SH080","92","3"
"SH080","140","6"
"SH080","164","1"
"SH081","16","4"
"SH081","21","4"
"SH081","38","3"
"SH081","80","5"
"SH081","92","1"
"SH081","119","3"
"SH081","165","1"
"SH082","19","4"
"SH082","28","2"
"SH082","42","3"
"SH082","60","6"
"SH082","107","5"
"SH082","148","5"
"SH082","164","1"
"SH083","10","6"
"SH083","25","3"
"SH083","46","2"
"SH083","84","3"
"SH083","108","5"
"SH083","162","3"
"SH083","165","1"
"SH084","3","6"
"SH084","23","1"
"SH084","50","2"
"SH084","70","6"
"SH084","87","2"
"SH084","116","4"
"SH084","164","1"
"SH085","18","4"
"SH085","28","3"
"SH085","32","2"
"SH085","84","4"
"SH085","103","4"
"SH085","144","3"
"SH085","165","1"
"SH086","9","4"
"SH086","23","3"
"SH086","50","2"
"SH086","77","4"
"SH086","113","3"
"SH086","119","4"
"SH086","164","1"
"SH087","18","6"
"SH087","27","2"
"SH087","45","1"
"SH087","68","4"
"SH087","89","4"
"SH087","119","4"
"SH087","164","1"
"SH088","12","2"
"SH088","27","2"
"SH088","50","3"
"SH088","58","2"
"SH088","103","4"
"SH088","128","4"
"SH088","164","1"
"SH089","18","4"
"SH089","23","2"
"SH089","47","1"
"SH089","74","4"
"SH089","100","1"
"SH089","123","2"
"SH089","164","1"
"SH090","2","6"
"SH090","30","2"
"SH090","52","3"
"SH090","66","5"
"SH090","106","4"
"SH090","161","3"
"SH090","165","1"
"SH091","13","2"
"SH091","23","1"
"SH091","40","2"
"SH091","72","6"
"SH091","96","4"
"SH091","153","6"
"SH091","164","1"
"SH092","17","4"
"SH092","27","4"
"SH092","41","2"
"SH092","77","5"
"SH092","105","3"
"SH092","153","4"
"SH092","164","1"
"SH093","15","6"
"SH093","27","5"
"SH093","47","1"
"SH093","66","3"
"SH093","100","1"
"SH093","119","5"
"SH093","165","1"
"SH094","6","6"
"SH094","22","4"
"SH094","37","3"
"SH094","69","3"
"SH094","105","3"
"SH094","127","4"
"SH094","164","1"
"SH095","6","4"
"SH095","26","4"
"SH095","36","2"
"SH095","79","5"
"SH095","89","2"
"SH095","152","4"
"SH095","164","1"
"SH096","3","8"
"SH096","29","5"
"SH096","34","2"
"SH096","85","3"
"SH096","88","2"
"SH096","163","3"
"SH096","165","1"
"SH097","7","4"
"SH097","23","1"
"SH097","51","2"
"SH097","79","5"
"SH097","94","4"
"SH097","147","4"
"SH097","164","1"
"SH098","13","6"
"SH098","27","1"
"SH098","43","2"
"SH098","72","4"
"SH098","95","5"
"SH098","127","4"
"SH098","165","1"
"SH099","7","4"
"SH099","28","4"
"SH099","47","2"
"SH099","81","5"
"SH099","112","4"
"SH099","155","5"
"SH099","165","1"
"SH100","11","8"
"SH100","30","4"
"SH100","45","2"
"SH100","82","5"
"SH100","106","5"
"SH100","139","1"
"SH100","164","1"
"SH101","14","4"
"SH101","24","3"
"SH101","53","2"
"SH101","85","2"
"SH101","94","5"
"SH101","123","6"
"SH101","165","1"
"SH102","3","6"
"SH102","22","5"
"SH102","37","2"
"SH102","63","3"
"SH102","99","4"
"SH102","136","2"
"SH102","164","1"
"SH103","2","8"
"SH103","25","2"
"SH103","48","2"
"SH103","78","4"
"SH103","103","1"
"SH103","123","2"
"SH103","165","1"
"SH104","14","6"
"SH104","23","3"
"SH104","49","3"
"SH104","75","3"
"SH104","100","2"
"SH104","135","2"
"SH104","165","1"
"SH105","11","6"
"SH105","25","1"
"SH105","36","2"
"SH105","65","4"
"SH105","87","4"
"SH105","123","5"
"SH105","164","1"
"SH106","10","6"
"SH106","25","3"
"SH106","35","2"
"SH106","57","5"
"SH106","101","3"
"SH106","162","4"
"SH106","165","1"
"SH107","20","6"
"SH107","30","3"
"SH107","45","1"
"SH107","59","4"
"SH107","90","2"
"SH107","125","5"
"SH107","164","1"
"SH108","12","6"
"SH108","28","5"
"SH108","32","2"
"SH108","74","5"
"SH108","102","2"
"SH108","152","4"
"SH108","164","1"
"SH109","10","4"
"SH109","24","1"
"SH109","39","2"
"SH109","56","2"
"SH109","103","3"
"SH109","153","6"
"SH109","165","1"
"SH110","3","4"
"SH110","27","3"
"SH110","51","2"
"SH110","57","3"
"SH110","97","3"
"SH110","135","6"
"SH110","164","1"
"SH111","20","4"
"SH111","23","4"
"SH111","41","2"
"SH111","60","3"
"SH111","109","3"
"SH111","122","6"
"SH111","164","1"
"SH112","6","4"
"SH112","28","1"
"SH112","42","2"
"SH112","71","3"
"SH112","107","3"
"SH112","142","2"
"SH112","165","1"
"SH113","5","8"
"SH113","22","2"
"SH113","31","2"
"SH113","74","5"
"SH113","88","4"
"SH113","115","2"
"SH113","164","1"
"SH114","19","8"
"SH114","24","5"
"SH114","32","2"
"SH114","80","5"
"SH114","92","3"
"SH114","115","4"
"SH114","164","1"
"SH115","19","4"
"SH115","24","2"
"SH115","52","1"
"SH115","81","6"
"SH115","109","2"
"SH115","127","5"
"SH115","164","1"
"SH116","16","4"
"SH116","30","2"
"SH116","55","3"
"SH116","73","6"
"SH116","110","5"
"SH116","117","2"
"SH116","164","1"
"SH117","3","6"
"SH117","24","2"
"SH117","53","2"
"SH117","80","3"
"SH117","96","5"
"SH117","130","1"
"SH117","164","1"
"SH118","11","6"
"SH118","29","1"
"SH118","51","2"
"SH118","74","2"
"SH118","109","3"
"SH118","160","4"
"SH118","164","1"
"SH119","4","6"
"SH119","30","4"
"SH119","50","2"
"SH119","63","3"
"SH119","98","1"
"SH119","128","2"
"SH119","164","1"
"SH120","5","4"
"SH120","24","1"
"SH120","36","1"
"SH120","60","3"
"SH120","106","4"
"SH120","120","5"
"SH120","164","1"
"SH121","4","8"
"SH121","22","2"
"SH121","50","3"
"SH121","76","3"
"SH121","110","2"
"SH121","127","1"
"SH121","165","1"
"SH122","11","6"
"SH122","29","2"
"SH122","54","2"
"SH122","70","4"
"SH122","101","2"
"SH122","125","3"
"SH122","165","1"
"SH123","8","8"
"SH123","22","1"
"SH123","51","2"
"SH123","79","2"
"SH123","96","3"
"SH123","161","6"
"SH123","165","1"
"SH124","7","2"
"SH124","26","5"
"SH124","51","3"
"SH124","60","3"
"SH124","93","3"
"SH124","159","2"
"SH124","164","1"
"SH125","13","8"
"SH125","28","2"
"SH125","45","2"
"SH125","68","2"
"SH125","106","3"
"SH125","128","2"
"SH125","164","1"
"SH126","2","4"
"SH126","29","3"
"SH126","54","3"
"SH126","70","2"
"SH126","108","3"
"SH126","147","5"
"SH126","165","1"
"SH127","16","4"
"SH127","27","5"
"SH127","48","3"
"SH127","68","5"
"SH127","107","3"
"SH127","126","2"
"SH127","164","1"
"SH128","18","6"
"SH128","28","1"
"SH128","34","2"
"SH128","69","3"
"SH128","94","1"
"SH128","160","3"
"SH128","164","1"
"SH129","3","4"
"SH129","21","2"
"SH129","35","2"
"SH129","72","4"
"SH129","91","4"
"SH129","143","6"
"SH129","165","1"
"SH130","12","4"
"SH130","25","3"
"SH130","44","2"
"SH130","71","4"
"SH130","87","2"
"SH130","127","6"
"SH130","164","1"
"SH131","13","6"
"SH131","25","2"
"SH131","53","1"
"SH131","71","3"
"SH131","104","2"
"SH131","157","1"
"SH131","165","1"
"SH132","6","6"
"SH132","24","2"
"SH132","32","1"
"SH132","77","6"
"SH132","102","5"
"SH132","123","5"
"SH132","165","1"
"SH133","8","4"
"SH133","27","5"
"SH133","32","3"
"SH133","59","3"
"SH133","88","2"
"SH133","142","5"
"SH133","164","1"
"SH134","15","4"
"SH134","24","3"
"SH134","44","2"
"SH134","65","5"
"SH134","108","1"
"SH134","127","2"
"SH134","164","1"
"SH135","3","4"
"SH135","28","4"
"SH135","44","1"
"SH135","57","6"
"SH135","101","3"
"SH135","132","1"
"SH135","164","1"
"SH136","18","8"
"SH136","22","1"
"SH136","54","2"
"SH136","72","6"
"SH136","93","5"
"SH136","138","2"
"SH136","165","1"
"SH137","12","4"
"SH137","22","2"
"SH137","35","2"
"SH137","63","5"
"SH137","91","3"
"SH137","116","2"
"SH137","165","1"
"SH138","6","8"
"SH138","26","2"
"SH138","53","3"
"SH138","72","2"
"SH138","103","5"
"SH138","139","1"
"SH138","165","1"
"SH139","5","6"
"SH139","28","4"
"SH139","51","2"
"SH139","57","2"
"SH139","101","3"
"SH139","117","3"
"SH139","164","1"
"SH140","12","6"
"SH140","24","4"
"SH140","37","3"
"SH140","66","4"
"SH140","108","2"
"SH140","114","2"
"SH140","164","1"
"SH141","2","2"
"SH141","22","1"
"SH141","41","3"
"SH141","69","5"
"SH141","96","5"
"SH141","118","2"
"SH141","165","1"
"SH142","14","4"
"SH142","30","4"
"SH142","52","2"
"SH142","83","5"
"SH142","101","4"
"SH142","142","3"
"SH142","164","1"
"SH143","8","4"
"SH143","24","3"
"SH143","54","1"
"SH143","56","5"
"SH143","98","3"
"SH143","140","2"
"SH143","164","1"
"SH144","10","2"
"SH144","23","1"
"SH144","47","1"
"SH144","69","4"
"SH144","112","2"
"SH144","135","4"
"SH144","165","1"
"SH145","4","4"
"SH145","24","2"
"SH145","44","1"
"SH145","77","5"
"SH145","113","5"
"SH145","134","6"
"SH145","164","1"
"SH146","6","6"
"SH146","24","3"
"SH146","49","3"
"SH146","62","6"
"SH146","89","2"
"SH146","134","1"
"SH146","165","1"
"SH147","12","4"
"SH147","29","3"
"SH147","54","2"
"SH147","68","6"
"SH147","98","2"
"SH147","133","2"
"SH147","164","1"
"SH148","4","4"
"SH148","30","3"
"SH148","52","3"
"SH148","82","5"
"SH148","105","4"
"SH148","147","5"
"SH148","165","1"
"SH149","11","6"
"SH149","29","1"
"SH149","53","2"
"SH149","72","3"
"SH149","113","2"
"SH149","151","3"
"SH149","165","1"
"SH150","16","4"
"SH150","26","2"
"SH150","36","2"
"SH150","75","3"
"SH150","94","2"
"SH150","152","2"
"SH150","165","1"
"SH151","8","6"
"SH151","27","3"
"SH151","54","1"
"SH151","70","6"
"SH151","95","4"
"SH151","152","3"
"SH151","165","1"
"SH152","5","2"
"SH152","21","5"
"SH152","32","2"
"SH152","77","5"
"SH152","95","5"
"SH152","143","5"
"SH152","164","1"
"SH153","9","4"
"SH153","26","4"
"SH153","53","2"
"SH153","74","3"
"SH153","99","5"
"SH153","144","6"
"SH153","164","1"
"SH154","8","4"
"SH154","28","5"
"SH154","31","3"
"SH154","85","4"
"SH154","98","4"
"SH154","118","4"
"SH154","164","1"
"SH155","3","4"
"SH155","25","1"
"SH155","40","2"
"SH155","76","3"
"SH155","98","2"
"SH155","114","2"
"SH155","165","1"
"SH156","2","6"
"SH156","30","4"
"SH156","54","1"
"SH156","84","4"
"SH156","100","1"
"SH156","150","4"
"SH156","164","1"
"SH157","15","2"
"SH157","29","1"
"SH157","42","2"
"SH157","81","2"
"SH157","107","3"
"SH157","118","1"
"SH157","164","1"
"SH158","4","2"
"SH158","27","2"
"SH158","48","3"
"SH158","82","5"
"SH158","91","4"
"SH158","126","4"
"SH158","164","1"
"SH159","8","2"
"SH159","25","5"
"SH159","43","2"
"SH159","66","6"
"SH159","101","2"
"SH159","126","5"
"SH159","165","1"
"SH160","16","2"
"SH160","27","3"
"SH160","46","2"
"SH160","83","6"
"SH160","103","1"
"SH160","135","4"
"SH160","164","1"
"SH161","2","4"
"SH161","23","3"
"SH161","42","2"
"SH161","63","4"
"SH161","105","4"
"SH161","115","2"
"SH161","165","1"
"SH162","10","2"
"SH162","25","2"
"SH162","35","1"
"SH162","80","4"
"SH162","102","3"
"SH162","160","2"
"SH162","165","1"
"SH163","4","2"
"SH163","25","4"
"SH163","37","2"
"SH163","56","6"
"SH163","91","1"
"SH163","136","2"
"SH163","165","1"
"SH164","19","6"
"SH164","29","1"
"SH164","43","2"
"SH164","79","5"
"SH164","112","3"
"SH164","124","2"
"SH164","164","1"
"SH165","13","2"
"SH165","29","2"
"SH165","33","3"
"SH165","69","3"
"SH165","108","2"
"SH165","139","2"
"SH165","165","1"
"SH166","11","6"
"SH166","28","4"
"SH166","44","3"
"SH166","74","6"
"SH166","110","4"
"SH166","154","3"
"SH166","165","1"
"SH167","16","2"
"SH167","24","5"
"SH167","52","1"
"SH167","60","3"
"SH167","101","5"
"SH167","132","4"
"SH167","164","1"
"SH168","7","8"
"SH168","24","3"
"SH168","50","2"
"SH168","59","3"
"SH168","95","1"
"SH168","160","3"
"SH168","165","1"
"SH169","4","6"
"SH169","28","2"
"SH169","32","2"
"SH169","68","3"
"SH169","106","2"
"SH169","121","4"
"SH169","164","1"
"SH170","1","2"
"SH170","22","2"
"SH170","52","1"
"SH170","83","2"
"SH170","103","1"
"SH170","143","5"
"SH170","165","1"
"SH171","4","6"
"SH171","29","4"
"SH171","40","1"
"SH171","58","4"
"SH171","103","3"
"SH171","116","3"
"SH171","165","1"
"SH172","1","4"
"SH172","23","3"
"SH172","41","1"
"SH172","62","3"
"SH172","106","4"
"SH172","154","4"
"SH172","164","1"
"SH173","13","6"
"SH173","25","2"
"SH173","45","2"
"SH173","82","5"
"SH173","110","2"
"SH173","153","1"
"SH173","164","1"
"SH174","14","6"
"SH174","22","2"
"SH174","36","3"
"SH174","84","3"
"SH174","88","1"
"SH174","130","5"
"SH174","164","1"
"SH175","13","4"
"SH175","23","2"
"SH175","36","3"
"SH175","67","2"
"SH175","111","2"
"SH175","142","5"
"SH175","164","1"
"SH176","13","4"
"SH176","22","2"
"SH176","42","1"
"SH176","81","3"
"SH176","103","4"
"SH176","157","2"
"SH176","164","1"
"SH177","18","4"
"SH177","24","2"
"SH177","31","2"
"SH177","84","6"
"SH177","93","4"
"SH177","145","5"
"SH177","164","1"
"SH178","2","4"
"SH178","30","4"
"SH178","40","2"
"SH178","69","3"
"SH178","109","1"
"SH178","117","6"
"SH178","165","1"
"SH179","15","2"
"SH179","23","3"
"SH179","51","2"
"SH179","65","3"
"SH179","103","2"
"SH179","133","3"
"SH179","165","1"
"SH180","16","4"
"SH180","29","1"
"SH180","37","1"
"SH180","62","2"
"SH180","102","5"
"SH180","118","3"
"SH180","165","1"
"SH181","3","2"
"SH181","22","2"
"SH181","39","2"
"SH181","58","5"
"SH181","107","2"
"SH181","163","4"
"SH181","164","1"
"SH182","2","4"
"SH182","26","4"
"SH182","33","3"
"SH182","60","3"
"SH182","110","1"
"SH182","149","6"
"SH182","165","1"
"SH183","15","6"
"SH183","26","4"
"SH183","31","1"
"SH183","66","6"
"SH183","105","3"
"SH183","114","3"
"SH183","164","1"
"SH184","11","8"
"SH184","27","4"
"SH184","52","2"
"SH184","71","3"
"SH184","89","3"
"SH184","116","6"
"SH184","164","1"
"SH185","12","8"
"SH185","22","5"
"SH185","49","1"
"SH185","78","2"
"SH185","113","2"
"SH185","137","1"
"SH185","164","1"
"SH186","9","2"
"SH186","22","1"
"SH186","34","3"
"SH186","82","4"
"SH186","91","2"
"SH186","157","1"
"SH186","165","1"
"SH187","8","6"
"SH187","27","5"
"SH187","51","3"
"SH187","62","2"
"SH187","97","5"
"SH187","162","4"
"SH187","165","1"
"SH188","7","4"
"SH188","26","2"
"SH188","48","1"
"SH188","74","4"
"SH188","92","5"
"SH188","134","5"
"SH188","165","1"
"SH189","15","4"
"SH189","23","3"
"SH189","31","1"
"SH189","62","4"
"SH189","90","4"
"SH189","152","1"
"SH189","164","1"
"SH190","12","6"
"SH190","27","1"
"SH190","52","2"
"SH190","70","5"
"SH190","87","5"
"SH190","158","2"
"SH190","164","1"
"SH191","2","2"
"SH191","28","4"
"SH191","31","3"
"SH191","60","5"
"SH191","101","4"
"SH191","152","4"
"SH191","164","1"
"SH192","8","2"
"SH192","26","3"
"SH192","48","1"
"SH192","78","4"
"SH192","92","3"
"SH192","155","4"
"SH192","165","1"
"SH193","13","6"
"SH193","28","2"
"SH193","46","2"
"SH193","71","3"
"SH193","92","2"
"SH193","135","3"
"SH193","165","1"
"SH194","12","8"
"SH194","28","2"
"SH194","39","2"
"SH194","67","3"
"SH194","101","3"
"SH194","130","6"
"SH194","165","1"
"SH195","17","6"
"SH195","30","1"
"SH195","35","1"
"SH195","59","5"
"SH195","86","3"
"SH195","150","3"
"SH195","164","1"
"SH196","17","8"
"SH196","22","2"
"SH196","36","1"
"SH196","68","4"
"SH196","100","3"
"SH196","122","5"
"SH196","164","1"
"SH197","10","2"
"SH197","27","3"
"SH197","37","2"
"SH197","71","2"
"SH197","112","2"
"SH197","158","3"
"SH197","164","1"
"SH198","3","2"
"SH198","26","5"
"SH198","47","1"
"SH198","62","3"
"SH198","92","3"
"SH198","118","2"
"SH198","165","1"
"SH199","3","4"
"SH199","22","4"
"SH199","37","1"
"SH199","56","5"
"SH199","99","5"
"SH199","132","1"
"SH199","164","1"
"SH200","10","4"
"SH200","23","2"
"SH200","31","3"
"SH200","60","4"
"SH200","108","2"
"SH200","153","4"
"SH200","165","1"
"SH201","18","6"
"SH201","26","1"
"SH201","38","2"
"SH201","75","5"
"SH201","104","4"
"SH201","162","4"
"SH201","165","1"
"SH202","19","6"
"SH202","27","1"
"SH202","40","2"
"SH202","83","2"
"SH202","99","3"
"SH202","144","4"
"SH202","164","1"
"SH203","9","6"
"SH203","25","5"
"SH203","54","3"
"SH203","84","4"
"SH203","109","2"
"SH203","142","2"
"SH203","165","1"
"SH204","9","8"
"SH204","22","2"
"SH204","53","3"
"SH204","76","2"
"SH204","107","4"
"SH204","114","5"
"SH204","165","1"
"SH205","16","2"
"SH205","27","4"
"SH205","54","2"
"SH205","75","4"
"SH205","102","2"
"SH205","143","6"
"SH205","164","1"
"SH206","16","8"
"SH206","23","3"
"SH206","53","2"
"SH206","73","4"
"SH206","99","3"
"SH206","156","5"
"SH206","164","1"
"SH207","16","2"
"SH207","29","5"
"SH207","41","2"
"SH207","62","5"
"SH207","88","5"
"SH207","135","5"
"SH207","165","1"
"SH208","3","8"
"SH208","28","4"
"SH208","42","2"
"SH208","59","2"
"SH208","109","2"
"SH208","157","2"
"SH208","164","1"
"SH209","8","6"
"SH209","27","3"
"SH209","42","3"
"SH209","74","4"
"SH209","93","4"
"SH209","149","3"
"SH209","165","1"
"SH210","4","4"
"SH210","22","5"
"SH210","34","3"
"SH210","81","4"
"SH210","103","3"
"SH210","149","1"
"SH210","164","1"
"SH211","2","2"
"SH211","23","2"
"SH211","40","2"
"SH211","79","4"
"SH211","109","3"
"SH211","135","5"
"SH211","165","1"
"SH212","5","4"
"SH212","26","3"
"SH212","44","2"
"SH212","74","6"
"SH212","88","4"
"SH212","144","5"
"SH212","165","1"
"SH213","17","4"
"SH213","23","2"
"SH213","53","3"
"SH213","63","5"
"SH213","92","3"
"SH213","116","2"
"SH213","165","1"
"SH214","14","4"
"SH214","29","3"
"SH214","37","3"
"SH214","80","3"
"SH214","99","4"
"SH214","123","3"
"SH214","165","1"
"SH215","6","4"
"SH215","28","2"
"SH215","46","1"
"SH215","59","5"
"SH215","97","1"
"SH215","121","4"
"SH215","164","1"
"SH216","5","4"
"SH216","26","1"
"SH216","40","3"
"SH216","74","4"
"SH216","92","4"
"SH216","115","2"
"SH216","165","1"
"SH217","19","6"
"SH217","21","4"
"SH217","46","2"
"SH217","62","3"
"SH217","109","1"
"SH217","137","5"
"SH217","165","1"
"SH218","6","8"
"SH218","28","2"
"SH218","39","2"
"SH218","65","5"
"SH218","103","4"
"SH218","143","1"
"SH218","165","1"
"SH219","12","6"
"SH219","25","3"
"SH219","44","2"
"SH219","76","5"
"SH219","86","5"
"SH219","119","3"
"SH219","164","1"
"SH220","3","4"
"SH220","25","3"
"SH220","53","2"
"SH220","72","3"
"SH220","108","5"
"SH220","116","2"
"SH220","164","1"
"SH221","12","6"
"SH221","27","3"
"SH221","38","1"
"SH221","70","4"
"SH221","113","4"
"SH221","155","2"
"SH221","165","1"
"SH222","15","4"
"SH222","29","4"
"SH222","33","3"
"SH222","67","4"
"SH222","104","4"
"SH222","138","5"
"SH222","165","1"
"SH223","14","4"
"SH223","22","1"
"SH223","51","1"
"SH223","79","4"
"SH223","90","2"
"SH223","122","2"
"SH223","164","1"
"SH224","17","6"
"SH224","22","4"
"SH224","43","1"
"SH224","68","2"
"SH224","104","4"
"SH224","116","2"
"SH224","164","1"
"SH225","14","4"
"SH225","24","1"
"SH225","39","3"
"SH225","58","4"
"SH225","99","4"
"SH225","143","5"
"SH225","164","1"
"SH226","7","6"
"SH226","23","3"
"SH226","32","2"
"SH226","60","5"
"SH226","96","2"
"SH226","141","5"
"SH226","164","1"
"SH227","15","2"
"SH227","25","4"
"SH227","47","2"
"SH227","72","5"
"SH227","95","2"
"SH227","114","5"
"SH227","164","1"
"SH228","3","6"
"SH228","22","4"
"SH228","34","1"
"SH228","81","3"
"SH228","101","3"
"SH228","148","3"
"SH228","165","1"
"SH229","9","6"
"SH229","24","2"
"SH229","53","3"
"SH229","78","5"
"SH229","86","3"
"SH229","137","3"
"SH229","165","1"
"SH230","10","2"
"SH230","28","4"
"SH230","44","3"
"SH230","73","3"
"SH230","98","5"
"SH230","143","2"
"SH230","165","1"
"SH231","8","8"
"SH231","25","5"
"SH231","48","2"
"SH231","81","3"
"SH231","92","4"
"SH231","162","2"
"SH231","164","1"
"SH232","4","4"
"SH232","24","1"
"SH232","34","2"
"SH232","72","3"
"SH232","106","5"
"SH232","139","2"
"SH232","164","1"
"SH233","8","8"
"SH233","25","4"
"SH233","32","1"
"SH233","61","5"
"SH233","102","4"
"SH233","135","3"
"SH233","165","1"
"SH234","15","8"
"SH234","24","3"
"SH234","35","1"
"SH234","68","4"
"SH234","96","2"
"SH234","138","5"
"SH234","165","1"
"SH235","12","4"
"SH235","25","1"
"SH235","45","2"
"SH235","83","5"
"SH235","96","2"
"SH235","127","5"
"SH235","164","1"
"SH236","2","4"
"SH236","29","1"
"SH236","50","1"
"SH236","83","3"
"SH236","97","4"
"SH236","129","3"
"SH236","165","1"
"SH237","4","2"
"SH237","26","5"
"SH237","32","1"
"SH237","64","5"
"SH237","111","3"
"SH237","119","2"
"SH237","165","1"
"SH238","14","8"
"SH238","21","2"
"SH238","38","3"
"SH238","59","5"
"SH238","94","1"
"SH238","155","4"
"SH238","165","1"
"SH239","16","8"
"SH239","21","4"
"SH239","46","2"
"SH239","58","5"
"SH239","89","1"
"SH239","115","3"
"SH239","165","1"
"SH240","2","6"
"SH240","28","2"
"SH240","46","1"
"SH240","79","5"
"SH240","111","3"
"SH240","161","1"
"SH240","164","1"
"SH241","4","6"
"SH241","27","4"
"SH241","47","3"
"SH241","70","4"
"SH241","91","2"
"SH241","156","3"
"SH241","165","1"
"SH242","4","8"
"SH242","28","3"
"SH242","48","3"
"SH242","62","3"
"SH242","113","2"
"SH242","150","4"
"SH242","165","1"
"SH243","2","4"
"SH243","27","4"
"SH243","49","3"
"SH243","57","3"
"SH243","105","3"
"SH243","136","1"
"SH243","164","1"
"SH244","16","4"
"SH244","26","3"
"SH244","52","2"
"SH244","71","3"
"SH244","109","4"
"SH244","142","5"
"SH244","165","1"
"SH245","16","8"
"SH245","21","5"
"SH245","38","2"
"SH245","69","5"
"SH245","109","5"
"SH245","145","5"
"SH245","164","1"
"SH246","8","8"
"SH246","26","2"
"SH246","41","2"
"SH246","77","4"
"SH246","96","5"
"SH246","120","3"
"SH246","164","1"
"SH247","7","2"
"SH247","28","4"
"SH247","40","1"
"SH247","75","5"
"SH247","99","2"
"SH247","125","3"
"SH247","165","1"
"SH248","15","8"
"SH248","22","3"
"SH248","43","3"
"SH248","58","3"
"SH248","110","4"
"SH248","125","3"
"SH248","164","1"
"SH249","17","2"
"SH249","23","5"
"SH249","52","2"
"SH249","58","5"
"SH249","87","2"
"SH249","153","3"
"SH249","165","1"
"SH250","10","4"
"SH250","29","2"
"SH250","32","2"
"SH250","68","3"
"SH250","91","2"
"SH250","115","4"
"SH250","164","1"
"SH251","12","6"
"SH251","23","2"
"SH251","53","2"
"SH251","61","4"
"SH251","94","1"
"SH251","151","3"
"SH251","165","1"
"SH252","5","4"
"SH252","24","1"
"SH252","54","1"
"SH252","63","5"
"SH252","92","5"
"SH252","124","5"
"SH252","165","1"
"SH253","11","8"
"SH253","24","4"
"SH253","32","2"
"SH253","60","5"
"SH253","99","4"
"SH253","146","3"
"SH253","164","1"
"SH254","8","2"
"SH254","23","3"
"SH254","52","1"
"SH254","77","5"
"SH254","101","2"
"SH254","117","5"
"SH254","164","1"
"SH255","7","4"
"SH255","24","3"
"SH255","51","1"
"SH255","68","5"
"SH255","109","1"
"SH255","153","6"
"SH255","164","1"
"SH256","1","2"
"SH256","29","5"
"SH256","48","2"
"SH256","71","3"
"SH256","99","3"
"SH256","132","2"
"SH256","164","1"
"SH257","17","6"
"SH257","29","1"
"SH257","46","1"
"SH257","71","2"
"SH257","96","3"
"SH257","133","2"
"SH257","165","1"
"SH258","9","8"
"SH258","24","5"
"SH258","54","2"
"SH258","72","5"
"SH258","110","1"
"SH258","117","6"
"SH258","164","1"
"SH259","14","8"
"SH259","27","3"
"SH259","46","3"
"SH259","66","6"
"SH259","108","1"
"SH259","161","4"
"SH259","165","1"
"SH260","13","6"
"SH260","23","4"
"SH260","40","3"
"SH260","61","5"
"SH260","105","4"
"SH260","116","2"
"SH260","165","1"
"SH261","17","2"
"SH261","27","1"
"SH261","46","2"
"SH261","56","4"
"SH261","109","4"
"SH261","151","5"
"SH261","164","1"
"SH262","7","8"
"SH262","27","2"
"SH262","34","2"
"SH262","62","5"
"SH262","95","1"
"SH262","156","5"
"SH262","164","1"
"SH263","2","6"
"SH263","24","3"
"SH263","42","2"
"SH263","69","5"
"SH263","93","3"
"SH263","144","5"
"SH263","165","1"
"SH264","5","2"
"SH264","29","2"
"SH264","32","3"
"SH264","82","6"
"SH264","92","2"
"SH264","148","3"
"SH264","164","1"
"SH265","5","8"
"SH265","25","5"
"SH265","32","1"
"SH265","71","3"
"SH265","92","3"
"SH265","163","2"
"SH265","165","1"
"SH266","19","4"
"SH266","27","4"
"SH266","48","2"
"SH266","71","2"
"SH266","112","2"
"SH266","117","2"
"SH266","165","1"
"SH267","8","8"
"SH267","26","3"
"SH267","54","2"
"SH267","76","6"
"SH267","108","2"
"SH267","153","1"
"SH267","165","1"
"SH268","16","4"
"SH268","24","3"
"SH268","36","2"
"SH268","69","2"
"SH268","106","3"
"SH268","128","4"
"SH268","164","1"
"SH269","2","6"
"SH269","28","2"
"SH269","41","3"
"SH269","59","5"
"SH269","105","3"
"SH269","116","5"
"SH269","165","1"
"SH270","11","8"
"SH270","27","3"
"SH270","44","2"
"SH270","73","4"
"SH270","95","2"
"SH270","139","4"
"SH270","164","1"
"SH271","12","4"
"SH271","21","2"
"SH271","34","2"
"SH271","81","4"
"SH271","95","4"
"SH271","160","5"
"SH271","165","1"
"SH272","11","2"
"SH272","23","2"
"SH272","50","2"
"SH272","82","4"
"SH272","100","3"
"SH272","140","4"
"SH272","164","1"
"SH273","19","4"
"SH273","26","5"
"SH273","43","2"
"SH273","59","2"
"SH273","110","4"
"SH273","156","5"
"SH273","164","1"
"SH274","9","6"
"SH274","29","1"
"SH274","51","3"
"SH274","67","3"
"SH274","89","3"
"SH274","156","4"
"SH274","164","1"
"SH275","14","4"
"SH275","26","4"
"SH275","38","2"
"SH275","77","3"
"SH275","100","4"
"SH275","136","3"
"SH275","165","1"
"SH276","15","8"
"SH276","26","2"
"SH276","37","2"
"SH276","79","6"
"SH276","112","5"
"SH276","156","3"
"SH276","165","1"
"SH277","17","6"
"SH277","30","1"
"SH277","53","2"
"SH277","69","5"
"SH277","101","3"
"SH277","118","1"
"SH277","165","1"
"SH278","17","4"
"SH278","25","5"
"SH278","50","2"
"SH278","75","2"
"SH278","95","2"
"SH278","126","5"
"SH278","165","1"
"SH279","6","8"
"SH279","29","4"
"SH279","46","1"
"SH279","72","5"
"SH279","91","4"
"SH279","138","3"
"SH279","164","1"
"SH280","12","8"
"SH280","27","3"
"SH280","42","2"
"SH280","74","2"
"SH280","108","2"
"SH280","161","3"
"SH280","164","1"
"SH281","14","6"
"SH281","21","4"
"SH281","39","1"
"SH281","82","4"
"SH281","89","3"
"SH281","156","6"
"SH281","165","1"
"SH282","10","6"
"SH282","22","2"
"SH282","46","2"
"SH282","63","3"
"SH282","96","2"
"SH282","123","3"
"SH282","164","1"
"SH283","2","6"
"SH283","22","3"
"SH283","53","1"
"SH283","79","2"
"SH283","96","4"
"SH283","132","3"
"SH283","165","1"
"SH284","12","4"
"SH284","28","3"
"SH284","42","2"
"SH284","64","4"
"SH284","102","4"
"SH284","149","5"
"SH284","165","1"
"SH285","5","6"
"SH285","28","5"
"SH285","38","2"
"SH285","60","4"
"SH285","106","2"
"SH285","132","6"
"SH285","164","1"
"SH286","8","2"
"SH286","24","2"
"SH286","46","2"
"SH286","84","5"
"SH286","104","2"
"SH286","122","4"
"SH286","164","1"
"SH287","13","4"
"SH287","27","3"
"SH287","34","1"
"SH287","82","3"
"SH287","112","2"
"SH287","152","4"
"SH287","165","1"
"SH288","15","4"
"SH288","22","3"
"SH288","34","2"
"SH288","69","3"
"SH288","107","5"
"SH288","123","5"
"SH288","164","1"
"SH289","4","4"
"SH289","29","3"
"SH289","54","2"
"SH289","56","5"
"SH289","96","2"
"SH289","160","5"
"SH289","165","1"
"SH290","14","4"
"SH290","22","4"
"SH290","45","2"
"SH290","79","5"
"SH290","100","4"
"SH290","145","3"
"SH290","164","1"
"SH291","3","8"
"SH291","28","4"
"SH291","47","2"
"SH291","78","4"
"SH291","99","3"
"SH291","117","3"
"SH291","164","1"
"SH292","11","8"
"SH292","26","4"
"SH292","52","2"
"SH292","70","4"
"SH292","104","1"
"SH292","158","4"
"SH292","164","1"
"SH293","16","2"
"SH293","24","2"
"SH293","40","2"
"SH293","67","4"
"SH293","87","4"
"SH293","115","2"
"SH293","165","1"
"SH294","9","8"
"SH294","23","3"
"SH294","47","3"
"SH294","80","4"
"SH294","112","1"
"SH294","137","4"
"SH294","165","1"
"SH295","6","6"
"SH295","30","1"
"SH295","46","1"
"SH295","70","6"
"SH295","95","4"
"SH295","142","3"
"SH295","164","1"
"SH296","3","4"
"SH296","27","3"
"SH296","34","1"
"SH296","74","3"
"SH296","109","4"
"SH296","129","2"
"SH296","165","1"
"SH297","7","4"
"SH297","24","5"
"SH297","36","3"
"SH297","81","3"
"SH297","95","3"
"SH297","117","1"
"SH297","165","1"
"SH298","2","4"
"SH298","30","4"
"SH298","35","2"
"SH298","82","4"
"SH298","105","3"
"SH298","128","5"
"SH298","164","1"
"SH299","20","6"
"SH299","22","4"
"SH299","48","1"
"SH299","81","4"
"SH299","88","5"
"SH299","130","2"
"SH299","164","1"
"SH300","1","4"
"SH300","27","3"
"SH300","36","2"
"SH300","64","2"
"SH300","91","4"
"SH300","133","2"
"SH300","164","1"
"SH301","18","4"
"SH301","29","1"
"SH301","38","2"
"SH301","66","3"
"SH301","100","4"
"SH301","142","3"
"SH301","164","1"
"SH302","11","4"
"SH302","30","4"
"SH302","35","2"
"SH302","59","2"
"SH302","104","3"
"SH302","134","5"
"SH302","165","1"
"SH303","7","8"
"SH303","27","2"
"SH303","32","2"
"SH303","67","4"
"SH303","105","2"
"SH303","144","1"
"SH303","164","1"
"SH304","20","4"
"SH304","29","4"
"SH304","44","2"
"SH304","76","5"
"SH304","89","3"
"SH304","117","2"
"SH304","165","1"
"SH305","15","4"
"SH305","22","3"
"SH305","41","1"
"SH305","73","3"
"SH305","90","3"
"SH305","114","1"
"SH305","165","1"
"SH306","5","6"
"SH306","29","3"
"SH306","44","1"
"SH306","75","3"
"SH306","92","2"
"SH306","137","2"
"SH306","165","1"
"SH307","7","6"
"SH307","24","2"
"SH307","51","3"
"SH307","67","5"
"SH307","105","2"
"SH307","140","6"
"SH307","165","1"
"SH308","19","4"
"SH308","29","2"
"SH308","49","2"
"SH308","74","3"
"SH308","90","5"
"SH308","150","5"
"SH308","165","1"
"SH309","16","2"
"SH309","28","3"
"SH309","35","1"
"SH309","60","5"
"SH309","111","5"
"SH309","128","2"
"SH309","165","1"
"SH310","9","4"
"SH310","26","2"
"SH310","33","2"
"SH310","63","5"
"SH310","110","4"
"SH310","156","5"
"SH310","165","1"
"SH311","15","2"
"SH311","26","2"
"SH311","32","1"
"SH311","78","3"
"SH311","88","5"
"SH311","140","2"
"SH311","165","1"
"SH312","16","6"
"SH312","29","2"
"SH312","42","2"
"SH312","76","5"
"SH312","94","2"
"SH312","140","2"
"SH312","164","1"
"SH313","12","6"
"SH313","22","3"
"SH313","36","1"
"SH313","76","3"
"SH313","86","3"
"SH313","126","3"
"SH313","165","1"
"SH314","4","2"
"SH314","28","3"
"SH314","45","1"
"SH314","81","5"
"SH314","100","3"
"SH314","155","3"
"SH314","164","1"
"SH315","11","6"
"SH315","21","5"
"SH315","50","3"
"SH315","76","5"
"SH315","96","3"
"SH315","157","1"
"SH315","165","1"
"SH316","12","6"
"SH316","26","3"
"SH316","42","3"
"SH316","83","6"
"SH316","91","4"
"SH316","147","3"
"SH316","165","1"
"SH317","7","8"
"SH317","25","2"
"SH317","43","2"
"SH317","67","4"
"SH317","91","4"
"SH317","156","3"
"SH317","165","1"
"SH318","4","2"
"SH318","21","4"
"SH318","47","2"
"SH318","65","3"
"SH318","98","2"
"SH318","163","2"
"SH318","165","1"
"SH319","3","4"
"SH319","26","2"
"SH319","43","3"
"SH319","79","4"
"SH319","99","4"
"SH319","117","4"
"SH319","164","1"
"SH320","2","4"
"SH320","24","4"
"SH320","31","2"
"SH320","62","2"
"SH320","90","1"
"SH320","119","5"
"SH320","164","1"
"SH321","11","8"
"SH321","22","3"
"SH321","37","1"
"SH321","59","5"
"SH321","106","2"
"SH321","133","5"
"SH321","164","1"
"SH322","15","4"
"SH322","29","5"
"SH322","40","1"
"SH322","74","3"
"SH322","110","3"
"SH322","159","5"
"SH322","164","1"
"SH323","12","8"
"SH323","24","1"
"SH323","32","2"
"SH323","73","4"
"SH323","112","3"
"SH323","116","1"
"SH323","164","1"
"SH324","9","8"
"SH324","29","2"
"SH324","49","3"
"SH324","63","5"
"SH324","88","2"
"SH324","115","5"
"SH324","164","1"
"SH325","9","2"
"SH325","26","2"
"SH325","40","1"
"SH325","70","2"
"SH325","87","2"
"SH325","145","1"
"SH325","164","1"
"SH326","11","4"
"SH326","24","3"
"SH326","45","2"
"SH326","60","4"
"SH326","87","2"
"SH326","159","4"
"SH326","165","1"
"SH327","6","2"
"SH327","29","3"
"SH327","48","2"
"SH327","68","5"
"SH327","96","4"
"SH327","119","5"
"SH327","165","1"
"SH328","15","6"
"SH328","23","4"
"SH328","45","2"
"SH328","58","3"
"SH328","92","4"
"SH328","152","2"
"SH328","165","1"
"SH329","19","4"
"SH329","28","2"
"SH329","55","3"
"SH329","68","5"
"SH329","93","4"
"SH329","115","4"
"SH329","165","1"
"SH330","4","4"
"SH330","24","4"
"SH330","50","2"
"SH330","58","3"
"SH330","97","3"
"SH330","125","5"
"SH330","164","1"
"SH331","18","2"
"SH331","25","2"
"SH331","42","2"
"SH331","74","4"
"SH331","110","5"
"SH331","157","5"
"SH331","164","1"
"SH332","8","4"
"SH332","30","3"
"SH332","34","3"
"SH332","64","4"
"SH332","106","5"
"SH332","148","3"
"SH332","164","1"
"SH333","11","6"
"SH333","23","3"
"SH333","32","1"
"SH333","65","6"
"SH333","90","4"
"SH333","155","5"
"SH333","165","1"
"SH334","11","6"
"SH334","29","4"
"SH334","32","1"
"SH334","75","3"
"SH334","108","4"
"SH334","149","4"
"SH334","165","1"
"SH335","19","4"
"SH335","25","5"
"SH335","44","2"
"SH335","83","3"
"SH335","101","1"
"SH335","119","3"
"SH335","164","1"
"SH336","3","4"
"SH336","23","5"
"SH336","34","3"
"SH336","68","3"
"SH336","93","3"
"SH336","154","2"
"SH336","165","1"
"SH337","2","6"
"SH337","27","5"
"SH337","34","3"
"SH337","82","3"
"SH337","102","2"
"SH337","116","1"
"SH337","165","1"
"SH338","3","4"
"SH338","28","5"
"SH338","48","1"
"SH338","67","3"
"SH338","99","2"
"SH338","162","3"
"SH338","165","1"
"SH339","13","6"
"SH339","24","3"
"SH339","37","3"
"SH339","72","3"
"SH339","101","1"
"SH339","157","2"
"SH339","164","1"
"SH340","20","6"
"SH340","26","4"
"SH340","46","1"
"SH340","68","6"
"SH340","92","3"
"SH340","147","3"
"SH340","165","1"
"SH341","2","6"
"SH341","23","3"
"SH341","38","3"
"SH341","63","4"
"SH341","95","3"
"SH341","153","4"
"SH341","164","1"
"SH342","5","4"
"SH342","26","3"
"SH342","34","2"
"SH342","62","4"
"SH342","104","4"
"SH342","123","3"
"SH342","165","1"
"SH343","14","2"
"SH343","28","2"
"SH343","38","2"
"SH343","84","5"
"SH343","99","5"
"SH343","138","4"
"SH343","164","1"
"SH344","14","4"
"SH344","22","3"
"SH344","34","1"
"SH344","59","4"
"SH344","88","2"
"SH344","120","4"
"SH344","165","1"
"SH345","18","4"
"SH345","29","2"
"SH345","54","3"
"SH345","67","5"
"SH345","101","3"
"SH345","145","6"
"SH345","165","1"
"SH346","10","8"
"SH346","28","4"
"SH346","35","2"
"SH346","59","5"
"SH346","96","3"
"SH346","155","3"
"SH346","164","1"
"SH347","13","6"
"SH347","22","4"
"SH347","47","3"
"SH347","77","6"
"SH347","107","5"
"SH347","162","4"
"SH347","165","1"
"SH348","10","6"
"SH348","27","3"
"SH348","42","2"
"SH348","70","4"
"SH348","108","2"
"SH348","144","2"
"SH348","164","1"
"SH349","1","4"
"SH349","25","3"
"SH349","49","1"
"SH349","58","3"
"SH349","109","4"
"SH349","132","2"
"SH349","165","1"
"SH350","11","8"
"SH350","27","5"
"SH350","37","2"
"SH350","58","4"
"SH350","106","3"
"SH350","133","3"
"SH350","165","1"
"SH351","8","6"
"SH351","22","1"
"SH351","33","2"
"SH351","68","4"
"SH351","100","2"
"SH351","125","2"
"SH351","165","1"
"SH352","17","4"
"SH352","30","3"
"SH352","35","2"
"SH352","71","5"
"SH352","96","3"
"SH352","153","6"
"SH352","164","1"
"SH353","12","2"
"SH353","29","3"
"SH353","51","2"
"SH353","69","5"
"SH353","97","4"
"SH353","145","3"
"SH353","164","1"
"SH354","17","6"
"SH354","27","3"
"SH354","49","2"
"SH354","76","5"
"SH354","90","5"
"SH354","127","5"
"SH354","164","1"
"SH355","10","4"
"SH355","26","1"
"SH355","47","2"
"SH355","69","3"
"SH355","101","2"
"SH355","130","4"
"SH355","164","1"
"SH356","2","8"
"SH356","23","1"
"SH356","34","2"
"SH356","63","4"
"SH356","92","3"
"SH356","126","5"
"SH356","165","1"
"SH357","17","6"
"SH357","30","2"
"SH357","47","3"
"SH357","71","4"
"SH357","113","2"
"SH357","158","6"
"SH357","164","1"
"SH358","20","6"
"SH358","21","1"
"SH358","45","2"
"SH358","70","2"
"SH358","103","4"
"SH358","149","3"
"SH358","165","1"
"SH359","10","8"
"SH359","28","5"
"SH359","52","2"
"SH359","83","6"
"SH359","98","2"
"SH359","136","6"
"SH359","164","1"
"SH360","7","8"
"SH360","29","2"
"SH360","45","2"
"SH360","59","4"
"SH360","105","1"
"SH360","117","4"
"SH360","164","1"
"SH361","18","4"
"SH361","26","3"
"SH361","41","3"
"SH361","63","4"
"SH361","109","2"
"SH361","143","6"
"SH361","165","1"
"SH362","3","6"
"SH362","25","4"
"SH362","40","3"
"SH362","74","4"
"SH362","101","3"
"SH362","130","1"
"SH362","165","1"
"SH363","15","2"
"SH363","22","4"
"SH363","41","2"
"SH363","63","4"
"SH363","102","2"
"SH363","127","2"
"SH363","165","1"
"SH364","5","4"
"SH364","27","3"
"SH364","31","3"
"SH364","70","3"
"SH364","101","4"
"SH364","119","4"
"SH364","164","1"
"SH365","18","8"
"SH365","25","1"
"SH365","39","2"
"SH365","73","3"
"SH365","112","1"
"SH365","123","4"
"SH365","164","1"
"SH366","11","4"
"SH366","22","5"
"SH366","35","2"
"SH366","81","5"
"SH366","90","3"
"SH366","158","4"
"SH366","164","1"
"SH367","10","2"
"SH367","21","3"
"SH367","37","3"
"SH367","70","3"
"SH367","90","4"
"SH367","123","5"
"SH367","164","1"
"SH368","12","8"
"SH368","23","3"
"SH368","53","1"
"SH368","67","2"
"SH368","94","1"
"SH368","133","3"
"SH368","165","1"
"SH369","2","4"
"SH369","24","3"
"SH369","32","2"
"SH369","83","2"
"SH369","88","2"
"SH369","131","1"
"SH369","164","1"
"SH370","6","4"
"SH370","24","4"
"SH370","31","3"
"SH370","83","2"
"SH370","90","2"
"SH370","151","5"
"SH370","165","1"
"SH371","6","6"
"SH371","29","4"
"SH371","50","3"
"SH371","68","3"
"SH371","104","2"
"SH371","134","2"
"SH371","165","1"
"SH372","17","2"
"SH372","29","4"
"SH372","50","2"
"SH372","57","5"
"SH372","88","2"
"SH372","143","5"
"SH372","164","1"
"SH373","5","2"
"SH373","22","2"
"SH373","52","2"
"SH373","80","4"
"SH373","99","4"
"SH373","114","5"
"SH373","165","1"
"SH374","12","4"
"SH374","29","4"
"SH374","50","2"
"SH374","57","3"
"SH374","100","5"
"SH374","156","6"
"SH374","165","1"
"SH375","11","6"
"SH375","29","3"
"SH375","49","1"
"SH375","80","3"
"SH375","108","4"
"SH375","131","5"
"SH375","165","1"
"SH376","15","4"
"SH376","28","4"
"SH376","32","3"
"SH376","71","2"
"SH376","104","2"
"SH376","134","5"
"SH376","165","1"
"SH377","13","2"
"SH377","23","1"
"SH377","39","2"
"SH377","66","3"
"SH377","87","3"
"SH377","138","1"
"SH377","164","1"
"SH378","4","2"
"SH378","30","4"
"SH378","33","1"
"SH378","59","5"
"SH378","110","2"
"SH378","115","4"
"SH378","165","1"
"SH379","13","8"
"SH379","30","3"
"SH379","53","1"
"SH379","80","6"
"SH379","112","4"
"SH379","161","3"
"SH379","165","1"
"SH380","2","6"
"SH380","26","4"
"SH380","44","2"
"SH380","76","5"
"SH380","109","1"
"SH380","161","4"
"SH380","164","1"
"SH381","16","4"
"SH381","30","2"
"SH381","32","1"
"SH381","72","4"
"SH381","109","3"
"SH381","116","6"
"SH381","164","1"
"SH382","3","2"
"SH382","28","3"
"SH382","50","1"
"SH382","77","3"
"SH382","94","3"
"SH382","136","2"
"SH382","165","1"
"SH383","12","8"
"SH383","27","2"
"SH383","41","1"
"SH383","58","5"
"SH383","101","1"
"SH383","148","4"
"SH383","164","1"
"SH384","15","4"
"SH384","27","4"
"SH384","40","2"
"SH384","67","3"
"SH384","103","2"
"SH384","121","4"
"SH384","165","1"
"SH385","16","8"
"SH385","23","1"
"SH385","50","1"
"SH385","85","3"
"SH385","101","4"
"SH385","139","5"
"SH385","164","1"
"SH386","1","8"
"SH386","27","4"
"SH386","33","2"
"SH386","66","3"
"SH386","87","5"
"SH386","143","4"
"SH386","165","1"
"SH387","8","6"
"SH387","22","4"
"SH387","38","1"
"SH387","80","5"
"SH387","96","4"
"SH387","155","2"
"SH387","164","1"
"SH388","4","6"
"SH388","27","4"
"SH388","32","2"
"SH388","77","6"
"SH388","89","5"
"SH388","132","3"
"SH388","164","1"
"SH389","6","6"
"SH389","21","3"
"SH389","47","1"
"SH389","82","4"
"SH389","97","2"
"SH389","121","4"
"SH389","165","1"
"SH390","17","4"
"SH390","28","4"
"SH390","54","3"
"SH390","76","5"
"SH390","93","2"
"SH390","139","3"
"SH390","164","1"
"SH391","19","4"
"SH391","28","2"
"SH391","52","1"
"SH391","75","3"
"SH391","102","3"
"SH391","118","4"
"SH391","165","1"
"SH392","18","2"
"SH392","26","3"
"SH392","53","2"
"SH392","70","6"
"SH392","107","3"
"SH392","159","2"
"SH392","165","1"
"SH393","4","6"
"SH393","25","4"
"SH393","40","3"
"SH393","58","5"
"SH393","89","2"
"SH393","143","2"
"SH393","165","1"
"SH394","7","4"
"SH394","25","1"
"SH394","46","1"
"SH394","74","3"
"SH394","106","4"
"SH394","124","5"
"SH394","164","1"
"SH395","18","4"
"SH395","23","5"
"SH395","54","2"
"SH395","58","2"
"SH395","95","4"
"SH395","123","4"
"SH395","165","1"
"SH396","18","8"
"SH396","25","4"
"SH396","48","2"
"SH396","60","5"
"SH396","97","3"
"SH396","130","5"
"SH396","164","1"
"SH397","20","4"
"SH397","30","3"
"SH397","38","3"
"SH397","67","5"
"SH397","99","4"
"SH397","127","3"
"SH397","165","1"
"SH398","3","4"
"SH398","27","5"
"SH398","51","2"
"SH398","81","4"
"SH398","111","4"
"SH398","160","5"
"SH398","164","1"
"SH399","12","6"
"SH399","23","4"
"SH399","36","2"
"SH399","72","4"
"SH399","100","5"
"SH399","147","1"
"SH399","164","1"
"SH400","4","4"
"SH400","30","2"
"SH400","34","2"
"SH400","61","3"
"SH400","99","1"
"SH400","122","6"
"SH400","164","1"
"SH401","7","4"
"SH401","22","2"
"SH401","37","2"
"SH401","59","6"
"SH401","106","5"
"SH401","140","3"
"SH401","165","1"
"SH402","19","6"
"SH402","22","2"
"SH402","36","2"
"SH402","79","2"
"SH402","89","2"
"SH402","141","2"
"SH402","164","1"
"SH403","16","2"
"SH403","25","4"
"SH403","39","2"
"SH403","71","4"
"SH403","102","5"
"SH403","121","2"
"SH403","164","1"
"SH404","16","4"
"SH404","21","3"
"SH404","45","1"
"SH404","79","5"
"SH404","90","2"
"SH404","158","3"
"SH404","164","1"
"SH405","8","2"
"SH405","24","3"
"SH405","50","2"
"SH405","83","5"
"SH405","90","2"
"SH405","134","2"
"SH405","164","1"
"SH406","2","2"
"SH406","24","1"
"SH406","53","1"
"SH406","63","5"
"SH406","95","2"
"SH406","117","6"
"SH406","165","1"
"SH407","2","6"
"SH407","26","1"
"SH407","40","3"
"SH407","79","5"
"SH407","92","1"
"SH407","126","5"
"SH407","164","1"
"SH408","12","8"
"SH408","24","5"
"SH408","44","1"
"SH408","56","3"
"SH408","99","2"
"SH408","159","3"
"SH408","165","1"
"SH409","2","8"
"SH409","29","4"
"SH409","50","2"
"SH409","73","5"
"SH409","92","3"
"SH409","149","5"
"SH409","165","1"
"SH410","17","8"
"SH410","29","4"
"SH410","33","2"
"SH410","66","5"
"SH410","90","4"
"SH410","115","4"
"SH410","165","1"
"SH411","17","6"
"SH411","23","3"
"SH411","50","3"
"SH411","82","5"
"SH411","103","2"
"SH411","161","4"
"SH411","165","1"
"SH412","6","6"
"SH412","28","4"
"SH412","46","1"
"SH412","70","5"
"SH412","101","4"
"SH412","153","6"
"SH412","165","1"
"SH413","14","6"
"SH413","28","3"
"SH413","36","3"
"SH413","71","3"
"SH413","89","3"
"SH413","136","4"
"SH413","165","1"
"SH414","3","2"
"SH414","22","4"
"SH414","51","3"
"SH414","62","4"
"SH414","104","5"
"SH414","142","2"
"SH414","164","1"
"SH415","10","2"
"SH415","27","3"
"SH415","34","1"
"SH415","78","5"
"SH415","107","3"
"SH415","139","3"
"SH415","164","1"
"SH416","12","6"
"SH416","24","2"
"SH416","52","1"
"SH416","67","2"
"SH416","106","3"
"SH416","143","2"
"SH416","164","1"
"SH417","3","6"
"SH417","24","1"
"SH417","37","3"
"SH417","73","3"
"SH417","106","4"
"SH417","159","4"
"SH417","164","1"
"SH418","12","6"
"SH418","21","2"
"SH418","54","1"
"SH418","61","6"
"SH418","87","3"
"SH418","155","2"
"SH418","164","1"
"SH419","5","4"
"SH419","24","4"
"SH419","51","2"
"SH419","62","2"
"SH419","100","3"
"SH419","148","1"
"SH419","165","1"
"SH420","2","2"
"SH420","30","3"
"SH420","36","3"
"SH420","58","3"
"SH420","87","2"
"SH420","120","5"
"SH420","164","1"
"SH421","2","8"
"SH421","28","5"
"SH421","47","1"
"SH421","71","3"
"SH421","105","3"
"SH421","148","5"
"SH421","164","1"
"SH422","6","6"
"SH422","27","5"
"SH422","38","1"
"SH422","73","2"
"SH422","96","3"
"SH422","136","5"
"SH422","164","1"
"SH423","18","8"
"SH423","24","3"
"SH423","45","3"
"SH423","78","3"
"SH423","92","4"
"SH423","160","4"
"SH423","164","1"
"SH424","18","4"
"SH424","27","4"
"SH424","51","1"
"SH424","58","2"
"SH424","100","3"
"SH424","159","6"
"SH424","164","1"
"SH425","13","8"
"SH425","23","2"
"SH425","32","2"
"SH425","73","4"
"SH425","107","4"
"SH425","153","3"
"SH425","165","1"
"SH426","18","6"
"SH426","25","3"
"SH426","33","2"
"SH426","66","4"
"SH426","93","2"
"SH426","120","2"
"SH426","165","1"
"SH427","10","4"
"SH427","21","2"
"SH427","49","3"
"SH427","63","4"
"SH427","107","3"
"SH427","136","4"
"SH427","165","1"
"SH428","7","8"
"SH428","27","1"
"SH428","36","1"
"SH428","70","5"
"SH428","103","4"
"SH428","135","1"
"SH428","165","1"
"SH429","4","4"
"SH429","29","4"
"SH429","35","3"
"SH429","77","5"
"SH429","93","2"
"SH429","120","2"
"SH429","165","1"
"SH430","3","2"
"SH430","26","1"
"SH430","45","2"
"SH430","66","3"
"SH430","91","2"
"SH430","144","5"
"SH430","164","1"
"SH431","12","2"
"SH431","26","5"
"SH431","33","2"
"SH431","74","4"
"SH431","90","2"
"SH431","162","5"
"SH431","165","1"
"SH432","15","6"
"SH432","22","2"
"SH432","40","1"
"SH432","85","5"
"SH432","102","2"
"SH432","123","3"
"SH432","165","1"
"SH433","12","6"
"SH433","23","1"
"SH433","41","2"
"SH433","62","6"
"SH433","95","4"
"SH433","161","1"
"SH433","165","1"
"SH434","12","4"
"SH434","23","3"
"SH434","43","1"
"SH434","67","5"
"SH434","112","2"
"SH434","156","3"
"SH434","165","1"
"SH435","11","4"
"SH435","29","3"
"SH435","38","2"
"SH435","58","3"
"SH435","89","2"
"SH435","136","4"
"SH435","165","1"
"SH436","6","8"
"SH436","24","4"
"SH436","37","2"
"SH436","76","5"
"SH436","110","4"
"SH436","115","4"
"SH436","165","1"
"SH437","2","6"
"SH437","26","2"
"SH437","45","1"
"SH437","72","3"
"SH437","111","4"
"SH437","142","2"
"SH437","164","1"
"SH438","18","6"
"SH438","23","3"
"SH438","33","2"
"SH438","85","5"
"SH438","92","3"
"SH438","122","6"
"SH438","164","1"
"SH439","13","4"
"SH439","27","4"
"SH439","39","2"
"SH439","79","5"
"SH439","111","2"
"SH439","123","4"
"SH439","165","1"
"SH440","15","6"
"SH440","23","4"
"SH440","42","2"
"SH440","75","5"
"SH440","87","1"
"SH440","123","5"
"SH440","164","1"
"SH441","12","4"
"SH441","29","5"
"SH441","32","1"
"SH441","78","2"
"SH441","92","2"
"SH441","154","6"
"SH441","165","1"
"SH442","18","8"
"SH442","22","4"
"SH442","36","2"
"SH442","84","6"
"SH442","89","4"
"SH442","136","5"
"SH442","164","1"
"SH443","8","2"
"SH443","22","2"
"SH443","36","1"
"SH443","64","4"
"SH443","97","5"
"SH443","126","3"
"SH443","164","1"
"SH444","11","8"
"SH444","22","5"
"SH444","36","2"
"SH444","80","4"
"SH444","112","3"
"SH444","157","4"
"SH444","165","1"
"SH445","12","2"
"SH445","27","3"
"SH445","48","2"
"SH445","66","6"
"SH445","96","1"
"SH445","120","6"
"SH445","164","1"
"SH446","17","6"
"SH446","22","3"
"SH446","40","3"
"SH446","61","4"
"SH446","92","2"
"SH446","123","4"
"SH446","165","1"
"SH447","7","2"
"SH447","28","2"
"SH447","35","2"
"SH447","78","5"
"SH447","95","3"
"SH447","120","3"
"SH447","165","1"
"SH448","19","4"
"SH448","22","4"
"SH448","46","2"
"SH448","57","3"
"SH448","110","5"
"SH448","144","1"
"SH448","164","1"
"SH449","5","8"
"SH449","23","4"
"SH449","33","1"
"SH449","60","4"
"SH449","99","4"
"SH449","156","3"
"SH449","164","1"
"SH450","5","4"
"SH450","28","3"
"SH450","52","2"
"SH450","62","2"
"SH450","90","3"
"SH450","121","2"
"SH450","164","1"
"SH451","6","8"
"SH451","29","3"
"SH451","50","2"
"SH451","65","4"
"SH451","109","2"
"SH451","145","3"
"SH451","165","1"
"SH452","1","4"
"SH452","22","2"
"SH452","34","1"
"SH452","61","5"
"SH452","87","3"
"SH452","139","4"
"SH452","165","1"
"SH453","12","6"
"SH453","23","4"
"SH453","35","2"
"SH453","77","4"
"SH453","96","2"
"SH453","117","1"
"SH453","164","1"
"SH454","3","6"
"SH454","22","2"
"SH454","49","2"
"SH454","63","4"
"SH454","91","4"
"SH454","159","2"
"SH454","164","1"
"SH455","11","6"
"SH455","25","3"
"SH455","43","1"
"SH455","62","4"
"SH455","110","1"
"SH455","160","3"
"SH455","165","1"
"SH456","13","2"
"SH456","21","4"
"SH456","48","2"
"SH456","71","2"
"SH456","97","4"
"SH456","136","4"
"SH456","165","1"
"SH457","18","6"
"SH457","22","4"
"SH457","36","2"
"SH457","73","3"
"SH457","109","3"
"SH457","143","6"
"SH457","164","1"
"SH458","2","4"
"SH458","25","3"
"SH458","40","1"
"SH458","77","5"
"SH458","100","2"
"SH458","146","2"
"SH458","165","1"
"SH459","10","8"
"SH459","23","1"
"SH459","32","1"
"SH459","73","5"
"SH459","92","4"
"SH459","133","4"
"SH459","164","1"
"SH460","10","4"
"SH460","29","4"
"SH460","37","2"
"SH460","61","2"
"SH460","113","3"
"SH460","151","3"
"SH460","164","1"
"SH461","7","6"
"SH461","25","1"
"SH461","36","2"
"SH461","77","5"
"SH461","94","3"
"SH461","147","5"
"SH461","165","1"
"SH462","7","4"
"SH462","22","5"
"SH462","39","2"
"SH462","78","5"
"SH462","101","4"
"SH462","159","5"
"SH462","165","1"
"SH463","4","4"
"SH463","22","2"
"SH463","38","2"
"SH463","64","3"
"SH463","107","5"
"SH463","146","5"
"SH463","165","1"
"SH464","20","2"
"SH464","29","4"
"SH464","54","2"
"SH464","58","3"
"SH464","91","4"
"SH464","121","5"
"SH464","164","1"
"SH465","14","4"
"SH465","28","2"
"SH465","43","3"
"SH465","81","4"
"SH465","89","1"
"SH465","153","1"
"SH465","165","1"
"SH466","9","4"
"SH466","28","4"
"SH466","54","2"
"SH466","79","4"
"SH466","87","5"
"SH466","146","3"
"SH466","164","1"
"SH467","9","2"
"SH467","21","3"
"SH467","52","2"
"SH467","78","5"
"SH467","112","3"
"SH467","159","5"
"SH467","164","1"
"SH468","3","2"
"SH468","27","3"
"SH468","34","3"
"SH468","73","6"
"SH468","99","4"
"SH468","141","2"
"SH468","164","1"
"SH469","13","4"
"SH469","28","2"
"SH469","48","1"
"SH469","57","6"
"SH469","101","4"
"SH469","128","2"
"SH469","165","1"
"SH470","19","8"
"SH470","29","2"
"SH470","49","2"
"SH470","57","3"
"SH470","94","3"
"SH470","117","3"
"SH470","165","1"
"SH471","16","4"
"SH471","26","4"
"SH471","49","2"
"SH471","67","5"
"SH471","111","4"
"SH471","158","5"
"SH471","165","1"
"SH472","16","8"
"SH472","25","2"
"SH472","42","2"
"SH472","58","3"
"SH472","103","3"
"SH472","116","5"
"SH472","165","1"
"SH473","16","4"
"SH473","22","5"
"SH473","37","1"
"SH473","68","3"
"SH473","100","3"
"SH473","130","3"
"SH473","165","1"
"SH474","3","6"
"SH474","25","4"
"SH474","51","1"
"SH474","63","2"
"SH474","96","5"
"SH474","148","5"
"SH474","164","1"
"SH475","19","6"
"SH475","29","5"
"SH475","50","2"
"SH475","70","3"
"SH475","103","2"
"SH475","147","3"
"SH475","165","1"
"SH476","4","2"
"SH476","23","3"
"SH476","44","2"
"SH476","72","4"
"SH476","98","2"
"SH476","116","4"
"SH476","165","1"
"SH477","5","2"
"SH477","22","4"
"SH477","44","1"
"SH477","72","4"
"SH477","106","4"
"SH477","144","5"
"SH477","164","1"
"SH478","17","2"
"SH478","29","5"
"SH478","43","2"
"SH478","72","3"
"SH478","97","4"
"SH478","157","5"
"SH478","164","1"
"SH479","8","8"
"SH479","22","3"
"SH479","39","3"
"SH479","63","3"
"SH479","105","3"
"SH479","133","5"
"SH479","165","1"
"SH480","2","8"
"SH480","27","2"
"SH480","51","1"
"SH480","60","3"
"SH480","87","1"
"SH480","116","2"
"SH480","165","1"
"SH481","3","2"
"SH481","24","4"
"SH481","39","2"
"SH481","71","2"
"SH481","95","3"
"SH481","139","5"
"SH481","165","1"
"SH482","9","6"
"SH482","26","4"
"SH482","40","1"
"SH482","71","4"
"SH482","102","1"
"SH482","146","4"
"SH482","165","1"
"SH483","12","4"
"SH483","26","3"
"SH483","32","2"
"SH483","84","3"
"SH483","94","4"
"SH483","122","4"
"SH483","164","1"
"SH484","7","4"
"SH484","23","1"
"SH484","44","1"
"SH484","83","2"
"SH484","96","5"
"SH484","125","3"
"SH484","164","1"
"SH485","5","6"
"SH485","22","1"
"SH485","36","2"
"SH485","65","5"
"SH485","96","2"
"SH485","145","4"
"SH485","164","1"
"SH486","16","6"
"SH486","26","2"
"SH486","54","2"
"SH486","78","5"
"SH486","96","4"
"SH486","152","4"
"SH486","165","1"
"SH487","18","6"
"SH487","29","5"
"SH487","43","3"
"SH487","69","6"
"SH487","99","3"
"SH487","121","6"
"SH487","164","1"
"SH488","17","6"
"SH488","22","5"
"SH488","45","1"
"SH488","73","5"
"SH488","107","3"
"SH488","155","4"
"SH488","165","1"
"SH489","14","4"
"SH489","30","3"
"SH489","53","3"
"SH489","71","4"
"SH489","90","3"
"SH489","130","2"
"SH489","164","1"
"SH490","20","2"
"SH490","23","3"
"SH490","34","3"
"SH490","57","5"
"SH490","99","1"
"SH490","131","3"
"SH490","165","1"
"SH491","9","4"
"SH491","28","3"
"SH491","38","2"
"SH491","71","4"
"SH491","95","4"
"SH491","126","1"
"SH491","164","1"
"SH492","7","2"
"SH492","22","5"
"SH492","46","2"
"SH492","63","2"
"SH492","112","4"
"SH492","125","1"
"SH492","164","1"
"SH493","5","4"
"SH493","23","1"
"SH493","52","2"
"SH493","75","5"
"SH493","91","3"
"SH493","124","3"
"SH493","165","1"
"SH494","4","4"
"SH494","24","1"
"SH494","48","2"
"SH494","80","3"
"SH494","94","3"
"SH494","124","3"
"SH494","164","1"
"SH495","12","2"
"SH495","28","2"
"SH495","39","2"
"SH495","77","6"
"SH495","111","1"
"SH495","151","3"
"SH495","164","1"
"SH496","7","6"
"SH496","25","2"
"SH496","37","2"
"SH496","63","4"
"SH496","88","3"
"SH496","140","1"
"SH496","165","1"
"SH497","7","8"
"SH497","23","4"
"SH497","51","1"
"SH497","68","3"
"SH497","108","3"
"SH497","161","1"
"SH497","165","1"
"SH498","3","6"
"SH498","23","4"
"SH498","51","2"
"SH498","57","4"
"SH498","106","5"
"SH498","146","3"
"SH498","164","1"
"SH499","5","6"
"SH499","23","4"
"SH499","33","2"
"SH499","68","4"
"SH499","111","1"
"SH499","140","2"
"SH499","165","1"
"SH500","6","6"
"SH500","25","5"
"SH500","32","1"
"SH500","77","5"
"SH500","107","1"
"SH500","125","4"
"SH500","164","1"
"SH501","11","6"
"SH501","26","3"
"SH501","47","2"
"SH501","74","4"
"SH501","88","4"
"SH501","132","2"
"SH501","165","1"
"SH502","13","6"
"SH502","28","2"
"SH502","54","3"
"SH502","83","5"
"SH502","99","1"
"SH502","154","5"
"SH502","165","1"
"SH503","18","6"
"SH503","30","2"
"SH503","54","2"
"SH503","76","5"
"SH503","107","2"
"SH503","131","5"
"SH503","164","1"
"SH504","13","6"
"SH504","23","4"
"SH504","42","3"
"SH504","75","6"
"SH504","89","3"
"SH504","145","4"
"SH504","165","1"
"SH505","9","6"
"SH505","24","4"
"SH505","40","1"
"SH505","70","4"
"SH505","90","3"
"SH505","162","3"
"SH505","165","1"
"SH506","12","4"
"SH506","23","3"
"SH506","55","2"
"SH506","68","3"
"SH506","95","5"
"SH506","148","5"
"SH506","164","1"
"SH507","19","4"
"SH507","24","5"
"SH507","55","2"
"SH507","62","4"
"SH507","99","2"
"SH507","126","3"
"SH507","165","1"
"SH508","3","6"
"SH508","28","3"
"SH508","47","2"
"SH508","80","3"
"SH508","89","5"
"SH508","134","4"
"SH508","165","1"
"SH509","2","4"
"SH509","22","2"
"SH509","39","3"
"SH509","79","3"
"SH509","88","2"
"SH509","136","2"
"SH509","165","1"
"SH510","6","6"
"SH510","25","1"
"SH510","40","3"
"SH510","73","4"
"SH510","88","3"
"SH510","116","2"
"SH510","165","1"
"SH511","3","4"
"SH511","28","3"
"SH511","53","1"
"SH511","58","5"
"SH511","93","5"
"SH511","139","4"
"SH511","165","1"
"SH512","15","6"
"SH512","24","2"
"SH512","40","2"
"SH512","73","5"
"SH512","89","3"
"SH512","118","3"
"SH512","164","1"
"SH513","17","2"
"SH513","24","4"
"SH513","46","1"
"SH513","83","3"
"SH513","96","5"
"SH513","155","4"
"SH513","165","1"
"SH514","4","4"
"SH514","26","1"
"SH514","32","1"
"SH514","70","3"
"SH514","89","4"
"SH514","145","6"
"SH514","164","1"
"SH515","10","2"
"SH515","26","2"
"SH515","34","2"
"SH515","69","3"
"SH515","90","2"
"SH515","136","4"
"SH515","164","1"
"SH516","2","4"
"SH516","24","3"
"SH516","40","2"
"SH516","81","4"
"SH516","101","4"
"SH516","155","3"
"SH516","165","1"
"SH517","4","8"
"SH517","28","1"
"SH517","53","3"
"SH517","58","3"
"SH517","92","2"
"SH517","131","4"
"SH517","164","1"
"SH518","3","4"
"SH518","23","5"
"SH518","54","2"
"SH518","71","5"
"SH518","88","3"
"SH518","146","3"
"SH518","164","1"
"SH519","13","8"
"SH519","24","5"
"SH519","32","1"
"SH519","64","2"
"SH519","89","1"
"SH519","153","6"
"SH519","164","1"
"SH520","20","4"
"SH520","26","5"
"SH520","45","3"
"SH520","77","2"
"SH520","91","3"
"SH520","152","6"
"SH520","164","1"
"SH521","15","4"
"SH521","22","4"
"SH521","53","3"
"SH521","66","6"
"SH521","89","1"
"SH521","148","5"
"SH521","165","1"
"SH522","19","4"
"SH522","30","5"
"SH522","35","2"
"SH522","63","5"
"SH522","96","3"
"SH522","157","2"
"SH522","164","1"
"SH523","3","6"
"SH523","30","3"
"SH523","54","3"
"SH523","62","5"
"SH523","105","1"
"SH523","140","6"
"SH523","164","1"
"SH524","3","6"
"SH524","30","4"
"SH524","53","2"
"SH524","65","6"
"SH524","88","4"
"SH524","114","3"
"SH524","164","1"
"SH525","20","4"
"SH525","25","4"
"SH525","39","3"
"SH525","59","3"
"SH525","111","4"
"SH525","140","3"
"SH525","165","1"
"SH526","19","6"
"SH526","29","5"
"SH526","42","3"
"SH526","68","4"
"SH526","93","2"
"SH526","132","5"
"SH526","164","1"
"SH527","1","6"
"SH527","28","2"
"SH527","33","3"
"SH527","64","5"
"SH527","90","2"
"SH527","154","3"
"SH527","165","1"
"SH528","4","6"
"SH528","22","1"
"SH528","53","1"
"SH528","63","5"
"SH528","91","2"
"SH528","141","3"
"SH528","164","1"
"SH529","12","4"
"SH529","26","1"
"SH529","46","2"
"SH529","79","3"
"SH529","95","3"
"SH529","158","5"
"SH529","164","1"
"SH530","2","4"
"SH530","26","5"
"SH530","47","3"
"SH530","58","5"
"SH530","87","1"
"SH530","116","5"
"SH530","164","1"
"SH531","18","4"
"SH531","23","2"
"SH531","50","2"
"SH531","66","3"
"SH531","105","1"
"SH531","141","2"
"SH531","165","1"
"SH532","3","6"
"SH532","24","5"
"SH532","51","1"
"SH532","84","2"
"SH532","91","4"
"SH532","132","3"
"SH532","164","1"
"SH533","5","4"
"SH533","23","3"
"SH533","45","2"
"SH533","74","3"
"SH533","96","1"
"SH533","131","2"
"SH533","165","1"
"SH534","7","4"
"SH534","24","4"
"SH534","53","2"
"SH534","69","5"
"SH534","113","3"
"SH534","138","2"
"SH534","165","1"
"SH535","5","6"
"SH535","28","3"
"SH535","31","1"
"SH535","61","2"
"SH535","108","3"
"SH535","147","3"
"SH535","164","1"
"SH536","4","2"
"SH536","29","1"
"SH536","49","3"
"SH536","58","2"
"SH536","107","5"
"SH536","144","4"
"SH536","165","1"
"SH537","3","6"
"SH537","24","1"
"SH537","46","2"
"SH537","67","2"
"SH537","105","3"
"SH537","130","1"
"SH537","165","1"
"SH538","18","4"
"SH538","29","4"
"SH538","43","2"
"SH538","68","2"
"SH538","89","4"
"SH538","125","4"
"SH538","165","1"
"SH539","7","6"
"SH539","21","2"
"SH539","42","2"
"SH539","67","4"
"SH539","99","3"
"SH539","153","3"
"SH539","164","1"
"SH540","4","4"
"SH540","22","4"
"SH540","52","2"
"SH540","63","3"
"SH540","95","2"
"SH540","140","1"
"SH540","165","1"
"SH541","6","8"
"SH541","23","3"
"SH541","33","2"
"SH541","62","4"
"SH541","105","4"
"SH541","126","2"
"SH541","165","1"
"SH542","17","8"
"SH542","26","2"
"SH542","45","3"
"SH542","65","3"
"SH542","92","2"
"SH542","123","3"
"SH542","164","1"
"SH543","12","6"
"SH543","26","4"
"SH543","40","2"
"SH543","72","5"
"SH543","93","5"
"SH543","125","3"
"SH543","164","1"
"SH544","9","8"
"SH544","24","4"
"SH544","46","1"
"SH544","75","5"
"SH544","104","4"
"SH544","128","3"
"SH544","165","1"
"SH545","19","2"
"SH545","29","2"
"SH545","31","2"
"SH545","78","4"
"SH545","97","3"
"SH545","129","3"
"SH545","165","1"
"SH546","11","4"
"SH546","24","3"
"SH546","47","2"
"SH546","75","5"
"SH546","99","2"
"SH546","131","2"
"SH546","165","1"
"SH547","10","8"
"SH547","22","5"
"SH547","52","3"
"SH547","82","3"
"SH547","108","4"
"SH547","119","4"
"SH547","165","1"
"SH548","18","6"
"SH548","24","1"
"SH548","34","3"
"SH548","62","3"
"SH548","86","2"
"SH548","150","5"
"SH548","164","1"
"SH549","4","6"
"SH549","24","3"
"SH549","49","3"
"SH549","66","4"
"SH549","95","5"
"SH549","154","6"
"SH549","164","1"
"SH550","7","2"
"SH550","27","5"
"SH550","50","1"
"SH550","75","4"
"SH550","99","1"
"SH550","141","4"
"SH550","164","1"
"SH551","16","4"
"SH551","24","1"
"SH551","49","3"
"SH551","57","2"
"SH551","106","1"
"SH551","135","3"
"SH551","164","1"
"SH552","17","8"
"SH552","21","1"
"SH552","54","2"
"SH552","63","6"
"SH552","93","4"
"SH552","162","6"
"SH552","165","1"
"SH553","6","2"
"SH553","28","5"
"SH553","38","2"
"SH553","85","6"
"SH553","86","4"
"SH553","136","2"
"SH553","165","1"
"SH554","18","4"
"SH554","28","4"
"SH554","43","2"
"SH554","73","5"
"SH554","99","4"
"SH554","155","3"
"SH554","165","1"
"SH555","2","6"
"SH555","23","4"
"SH555","44","2"
"SH555","65","4"
"SH555","104","5"
"SH555","120","2"
"SH555","165","1"
"SH556","8","2"
"SH556","26","3"
"SH556","44","2"
"SH556","56","2"
"SH556","100","4"
"SH556","124","5"
"SH556","165","1"
"SH557","19","4"
"SH557","27","1"
"SH557","36","3"
"SH557","80","6"
"SH557","105","3"
"SH557","137","2"
"SH557","164","1"